AgentKey,Agent Name,Start Date,End Date,Agent Work Location
501,Karen Clark,1/12/2024,1/1/9999,Charlotte
502,John Doe,5/20/2023,5/15/2024,Saint Louis
503,Jane Smith,3/20/2022,1/1/9999,Connecticut 
504,Jim Brown,1/12/2024,1/1/9999,Tampa
505,Emily Davis,5/20/2023,5/15/2024,Dallas
506,Michael Wilson,3/20/2022,1/1/9999,Charlotte
507,Jessica Johnson,1/12/2024,1/1/9999,Saint Louis
508,David Lee,5/20/2023,5/15/2024,Connecticut 
509,Amy White,3/20/2022,1/1/9999,Tampa
510,Chris Harris,1/12/2024,1/1/9999,Dallas
511,Karen Clark,5/20/2023,5/15/2024,Charlotte
512,John Doe,3/20/2022,1/1/9999,Saint Louis
513,Jane Smith,1/12/2024,1/1/9999,Connecticut 
514,Jim Brown D,5/20/2023,5/15/2024,Tampa
515,Karen Clark,3/20/2022,1/1/9999,Dallas
516,John Doe,1/12/2024,1/1/9999,Charlotte
517,Jane Smith,5/20/2023,5/15/2024,Saint Louis
518,Jim Brown,3/20/2022,1/1/9999,Connecticut 
519,Emily Davis,1/12/2024,1/1/9999,Tampa
520,Michael Wilson,5/20/2023,5/15/2024,Dallas
521,Jessica Johnson,3/20/2022,1/1/9999,Charlotte
522,David Lee,1/12/2024,1/1/9999,Saint Louis
523,Amy White,5/20/2023,5/15/2024,Connecticut 
524,Chris Harris,3/20/2022,1/1/9999,Tampa
525,Karen Clark,1/12/2024,1/1/9999,Dallas
526,John Doe,5/20/2023,5/15/2024,Charlotte
